{
  "verdict": "genuine_robustness_no_gradient_masking",
  "eps_sweep_defended": {
    "eps": [
      0.1,
      0.2,
      0.3,
      0.5,
      1.0
    ],
    "recall": [
      0.9758548681806317,
      0.9449229966066302,
      0.2160010441138084,
      0.03328112764291308,
      0.02414513181936831
    ],
    "accuracy": [
      0.7957304596917201,
      0.8208293547947074,
      0.5686809439367071,
      0.20904378665939163,
      0.2042695403082799
    ]
  },
  "strong_pgd_eps0.1_recall": 0.9758548681806317,
  "weak_pgd_eps0.1_recall": 0.9758548681806317,
  "fgsm_eps0.1_recall": 0.9758548681806317,
  "clean": {
    "recall": 0.9758548681806317,
    "accuracy": 0.7957304596917201
  }
}