{
  "meta": {
    "seed": 42,
    "n_train": 43983,
    "n_test": 14662,
    "n_features": 111,
    "int_features": 110,
    "taxonomy": {
      "controllable": 98,
      "semi_controllable": 7,
      "uncontrollable": 6,
      "total": 111
    },
    "runtime_sec": 281.1
  },
  "baseline": {
    "random_forest": {
      "accuracy": 0.9553948983767563,
      "precision": 0.9520123839009288,
      "recall": 0.9631949882537196,
      "f1": 0.9575710393149085,
      "fpr": 0.053142857142857144,
      "tn": 6628,
      "fp": 372,
      "fn": 282,
      "tp": 7380,
      "roc_auc": 0.9911601316329194
    },
    "mlp": {
      "accuracy": 0.9169281134906562,
      "precision": 0.9012453300124533,
      "recall": 0.9445314539284783,
      "f1": 0.9223808309966862,
      "fpr": 0.11328571428571428,
      "tn": 6207,
      "fp": 793,
      "fn": 425,
      "tp": 7237,
      "roc_auc": 0.9755399280307268
    }
  },
  "attacks": {
    "fgsm": {
      "eps": 0.05,
      "full": {
        "accuracy": 0.08893738916928114,
        "precision": 0.07606430485263471,
        "recall": 0.06669276951187679,
        "f1": 0.07107093184979138,
        "fpr": 0.8867142857142857,
        "tn": 793,
        "fp": 6207,
        "fn": 7151,
        "tp": 511,
        "roc_auc": 0.11759986202781818
      },
      "realistic": {
        "accuracy": 0.09446187423271041,
        "precision": 0.0870716281806148,
        "recall": 0.0772644218219786,
        "f1": 0.08187538897724915,
        "fpr": 0.8867142857142857,
        "tn": 793,
        "fp": 6207,
        "fn": 7070,
        "tp": 592,
        "roc_auc": 0.11810811239139352
      },
      "lexical": {
        "accuracy": 0.09753103260128222,
        "precision": 0.09307422559906488,
        "recall": 0.08313756199425737,
        "f1": 0.08782572728526127,
        "fpr": 0.8867142857142857,
        "tn": 793,
        "fp": 6207,
        "fn": 7025,
        "tp": 637,
        "roc_auc": 0.11918489204609017
      }
    },
    "pgd": {
      "eps": 0.1,
      "full": {
        "accuracy": 0.08327649706724867,
        "precision": 0.06450640542577242,
        "recall": 0.055860088749673714,
        "f1": 0.059872700566552424,
        "fpr": 0.8867142857142857,
        "tn": 793,
        "fp": 6207,
        "fn": 7234,
        "tp": 428,
        "roc_auc": 0.1069467315508819
      },
      "realistic": {
        "accuracy": 0.08334470058655026,
        "precision": 0.06464737793851717,
        "recall": 0.055990602975724356,
        "f1": 0.0600083927822073,
        "fpr": 0.8867142857142857,
        "tn": 793,
        "fp": 6207,
        "fn": 7233,
        "tp": 429,
        "roc_auc": 0.10578473542901891
      },
      "lexical": {
        "accuracy": 0.08361751466375665,
        "precision": 0.06521084337349398,
        "recall": 0.05651265987992691,
        "f1": 0.06055097189204307,
        "fpr": 0.8867142857142857,
        "tn": 793,
        "fp": 6207,
        "fn": 7229,
        "tp": 433,
        "roc_auc": 0.10454042212029682
      }
    }
  },
  "eps_sweep": {
    "eps": [
      0.01,
      0.02,
      0.05,
      0.1,
      0.15,
      0.2
    ],
    "recall": [
      0.5978856695379796,
      0.2704254763769251,
      0.0759592795614722,
      0.05651265987992691,
      0.05559906029757244,
      0.05559906029757244
    ],
    "accuracy": [
      0.5235984176783522,
      0.23407447824307734,
      0.09377983903969445,
      0.08361751466375665,
      0.08314009002864547,
      0.08314009002864547
    ]
  },
  "validity": {
    "continuous": {
      "accuracy": 0.08361751466375665,
      "precision": 0.06521084337349398,
      "recall": 0.05651265987992691,
      "f1": 0.06055097189204307,
      "fpr": 0.8867142857142857,
      "tn": 793,
      "fp": 6207,
      "fn": 7229,
      "tp": 433
    },
    "discretized": {
      "accuracy": 0.08375392170235985,
      "precision": 0.06549232158988257,
      "recall": 0.05677368833202819,
      "f1": 0.060822147651006714,
      "fpr": 0.8867142857142857,
      "tn": 793,
      "fp": 6207,
      "fn": 7227,
      "tp": 435
    }
  },
  "defense_sweep": {
    "eps_train": [
      0.05,
      0.1,
      0.2
    ],
    "clean_acc": [
      0.9112672213886237,
      0.9014459146091939,
      0.9043786659391625
    ],
    "clean_recall": [
      0.8867136517880448,
      0.8807099973897154,
      0.8944139911250326
    ],
    "robust_recall_full": [
      0.1132863482119551,
      0.11929000261028452,
      0.10558600887496737
    ],
    "robust_recall_lexical": [
      0.1132863482119551,
      0.11929000261028452,
      0.10558600887496737
    ]
  },
  "defense_madry": {
    "method": "madry_pgd_adversarial_training",
    "eval_attack": "PGD eps=0.1, max_iter=20",
    "points": [
      {
        "eps_train": 0.05,
        "nb_epochs": 15,
        "clean": {
          "accuracy": 0.8245805483562952,
          "precision": 0.7667714884696016,
          "recall": 0.9547115635604281,
          "f1": 0.8504825020346471,
          "fpr": 0.31785714285714284,
          "tn": 4775,
          "fp": 2225,
          "fn": 347,
          "tp": 7315,
          "roc_auc": 0.8949239941082149
        },
        "robust_full": {
          "accuracy": 0.8213067794298186,
          "precision": 0.7742005655862519,
          "recall": 0.9290002610284521,
          "f1": 0.8445657332700522,
          "fpr": 0.2965714285714286,
          "tn": 4924,
          "fp": 2076,
          "fn": 544,
          "tp": 7118
        },
        "robust_lexical": {
          "accuracy": 0.823762106124676,
          "precision": 0.7651974096511385,
          "recall": 0.9561472200469852,
          "f1": 0.8500812253423068,
          "fpr": 0.3211428571428571,
          "tn": 4752,
          "fp": 2248,
          "fn": 336,
          "tp": 7326
        },
        "sec": 201.7
      },
      {
        "eps_train": 0.1,
        "nb_epochs": 15,
        "clean": {
          "accuracy": 0.7957304596917201,
          "precision": 0.7268397005929814,
          "recall": 0.9758548681806317,
          "f1": 0.8331383363975708,
          "fpr": 0.4014285714285714,
          "tn": 4190,
          "fp": 2810,
          "fn": 185,
          "tp": 7477,
          "roc_auc": 0.8804557090651453
        },
        "robust_full": {
          "accuracy": 0.7957304596917201,
          "precision": 0.7268397005929814,
          "recall": 0.9758548681806317,
          "f1": 0.8331383363975708,
          "fpr": 0.4014285714285714,
          "tn": 4190,
          "fp": 2810,
          "fn": 185,
          "tp": 7477
        },
        "robust_lexical": {
          "accuracy": 0.7957304596917201,
          "precision": 0.7268397005929814,
          "recall": 0.9758548681806317,
          "f1": 0.8331383363975708,
          "fpr": 0.4014285714285714,
          "tn": 4190,
          "fp": 2810,
          "fn": 185,
          "tp": 7477
        },
        "sec": 204.1
      }
    ]
  }
}