{
  "n_features": 111,
  "eps": 0.2,
  "seed": 42,
  "clean": {
    "acc": 0.9167874499104783,
    "recall": 0.9410996899983685,
    "fpr": 0.10982142857142857
  },
  "under_attack_recall": 0.059063468755098714,
  "robust_clean": {
    "acc": 0.8506266518884815,
    "recall": 0.9689998368412466,
    "fpr": 0.2789285714285714
  },
  "robust_under_recall": 0.8053516071137217,
  "sweep_eps": [
    0.0,
    0.05,
    0.1,
    0.15,
    0.2,
    0.25,
    0.3,
    0.4
  ],
  "base_curve": [
    0.9410996899983685,
    0.08549518681677272,
    0.05922662750856583,
    0.059063468755098714,
    0.059063468755098714,
    0.059063468755098714,
    0.05890031000163159,
    0.05890031000163159
  ],
  "rob_curve": [
    0.9689998368412466,
    0.9546418665361397,
    0.9404470549844999,
    0.8947626040137053,
    0.8053516071137217,
    0.6324033284385707,
    0.4457497144721814,
    0.22401696851036057
  ]
}